Date,OPEN,HIGH,LOW,VOLUME,CLOSE
2013-08-26,43.0334998396,43.1235307847,42.7904235802,9220200,42.871449
2013-08-27,42.6013644092,42.7814208945,42.250254263,10842400,42.412306
2013-08-28,42.115211544,42.6733893563,41.8361257888,9812200,42.3943
2013-08-29,42.2862679812,42.6733903387,42.1242171387,9695400,42.403302
2013-08-30,42.3943006096,42.7454107654,42.331280838,8326300,42.574358
2013-09-03,42.7814214561,42.9074609974,42.3222756121,14212400,42.502333
2013-09-04,42.4303125553,43.1055243894,42.4123069064,11065200,42.925467
2013-09-05,43.0244987845,43.0244987845,42.5473463896,7898200,42.772417
2013-09-06,42.8264357948,43.0515064055,42.3672926494,26664900,42.754415
2013-09-09,42.8534418587,43.0785124662,42.7454097677,29180200,42.979485
2013-09-10,43.0875180087,43.5736714212,43.0875180087,30808600,43.195551
2013-09-11,43.2405649311,43.6726996044,43.1775451599,13379100,43.339596
2013-09-12,43.421354081,43.584866368,43.285097324,9502400,43.466773
2013-09-13,43.4940276894,43.5939522183,43.3032616889,7681000,43.412272
2013-09-16,43.8301327004,44.0118129153,43.6938714037,9428200,43.775628
2013-09-17,43.702958379,43.8119650553,43.5485291507,7703300,43.612116
2013-09-18,43.4304391373,44.2479942,43.2669277614,14008700,43.966394
2013-09-19,44.0299820021,44.0481508416,43.693872551,9328000,43.839216
2013-09-20,43.9028065259,43.9663942836,43.484941393,27961000,43.612116
2013-09-23,43.4122715277,43.6575385934,43.1851723929,12605700,43.312347
2013-09-24,43.2669284716,43.8028824347,43.1670039429,13300600,43.176087
2013-09-25,43.303261,43.5939515247,43.0761618663,11356300,43.303261
2013-09-26,43.4031857455,43.6030338926,43.1579177715,10261100,43.312347
2013-09-27,43.2124238508,43.5212786775,42.9580737253,10510300,43.412272
2013-09-30,43.2760100793,43.4849412826,42.9580731084,16244000,43.24876
2013-10-01,44.438756743,44.720361486,43.7392950435,27339200,44.275249
2013-10-02,44.0118135404,44.1026513782,43.7120408636,13975300,43.93914
2013-10-03,43.8028814861,44.2843307375,43.6030333415,17900500,43.930057
2013-10-04,43.8483008615,43.9300574583,43.5485290958,11570800,43.811965
2013-10-07,43.5303609882,43.8119657363,43.3123476323,9195800,43.50311
2013-10-08,43.457690689,43.7392954346,43.2760104717,14020700,43.375935
2013-10-09,43.3214306433,43.4395231034,42.8218125399,15353400,42.939905
2013-10-10,43.2396729847,43.2669276057,42.6583001142,17262400,43.139753
2013-10-11,43.0761618242,43.1397532152,42.8308983936,10253500,42.958073
2013-10-14,42.5129569183,42.7673106733,42.1859341658,20674500,42.467538
2013-10-15,42.2586071729,42.5402119179,42.1677657018,14161000,42.304027
2013-10-16,42.3403636625,42.849063,42.3040268925,11102700,42.849063
2013-10-17,42.8127299308,42.9489875953,42.594712944,13878500,42.794562
2013-10-18,43.0307425432,43.1034160821,42.2131874863,20632400,42.340363
2013-10-21,42.4221200708,42.4402880019,41.8589151145,16678000,42.249522
2013-10-22,42.067844554,42.4402871343,41.9134153259,15841500,42.213188
2013-10-23,42.3312771366,42.4402874471,42.2222713681,9650700,42.294944
2013-10-24,42.5129571766,42.5674627858,41.958835287,11201100,41.986089
2013-10-25,42.0133400943,42.3131127701,41.6499796604,17894000,42.276776
2013-10-28,41.3956310591,41.6227301981,41.0686073905,27297600,41.195782
2013-10-29,41.2502867718,41.4864680548,40.9505177312,15890000,41.404716
2013-10-30,41.5591414154,41.5682235639,40.9777685422,9958500,41.095861
2013-10-31,41.1594481473,41.2957058115,40.9596,14994200,40.9596
2013-11-01,40.7597513412,41.1957807667,40.532652209,20893500,41.086775
2013-11-04,41.713567584,42.031508192,41.4773862988,16177500,41.531891
2013-11-05,41.413798296,41.5863927304,41.16853123,10420500,41.204868
2013-11-06,41.3865472014,41.8044087007,41.1866990545,12361300,41.749904
2013-11-07,41.9225016717,42.0042573594,41.5863922304,11675400,41.622729
2013-11-08,41.7226529216,42.5765447576,41.6590660725,17423800,42.512957
2013-11-11,42.6128813121,42.8308982966,42.5856303246,7533400,42.694637
2013-11-12,42.6492191139,43.2669287706,42.512957814,13950600,43.230592
2013-11-13,42.4584558954,43.0307429877,42.3767002072,14157400,43.003492
2013-11-14,43.1670030414,43.484940918,43.1488351108,11280600,43.439522
2013-11-15,43.2669284278,43.8573843664,43.2669284278,11991500,43.666622
2013-11-18,43.6393706213,43.8392151346,43.4031857045,7930100,43.612116
2013-11-19,43.6484531607,43.7574598379,43.2850972672,8345300,43.666622
2013-11-20,43.5848666087,43.9845592752,43.3759354015,8251900,43.721127
2013-11-21,43.8028821997,44.2389125402,43.7483774987,12837100,44.166239
2013-11-22,44.04815028,44.5477674713,44.0027277275,13967900,44.456926
2013-11-25,44.4660113675,45.2744833766,44.4569255854,18282100,45.110972
2013-11-26,45.110971906,45.1927275941,44.6567736387,22939300,45.038302
2013-11-27,45.0473840156,45.3380709058,45.020133028,11565500,45.265401
2013-11-29,45.2290642303,45.3744076754,44.9474603971,6900000,45.265401
2013-12-02,45.1836463337,45.8013523558,45.1836463337,14829900,45.583339
2013-12-03,45.2563156092,45.4743316871,44.8566220401,13604400,45.20181
2013-12-04,45.0564672756,45.1018907369,44.34791978,11451600,44.793035
2013-12-05,44.4296747456,44.738529569,44.30249923,8721900,44.338836
2013-12-06,44.6295237122,45.0292172885,44.4750944809,7403200,44.865705
2013-12-09,44.8566226207,45.2835662747,44.6931112415,9331500,45.020134
2013-12-10,44.7657806105,45.0110476765,44.6022683248,10236400,44.902041
2013-12-11,44.974710331,44.99287917,44.2843307858,14504000,44.466011
2013-12-12,44.5210069818,44.7134996099,44.0260226645,11611700,44.291848
2013-12-13,44.6768368499,44.823498598,44.0535235038,8396300,44.346847
2013-12-16,44.2735146292,44.5393399663,43.8976938968,11349200,44.081022
2013-12-17,43.9343592441,43.9985237579,43.641036669,13900000,43.906862
2013-12-18,43.8793602593,44.8509952441,43.6777031082,13549700,44.823498
2013-12-19,44.6860016461,44.869329749,44.4843408246,8762400,44.722668
2013-12-20,44.7868323895,45.3276475874,44.5760061259,16805100,45.208484
2013-12-23,45.3184790404,45.5568062133,45.144319132,8263900,45.24515
2013-12-24,45.3093137185,45.5293045069,45.1259865337,4252900,45.290981
2013-12-26,45.3184801027,45.6026381617,45.2451510605,5069800,45.57514
2013-12-27,45.6209703647,45.7401348692,45.4009768243,4244300,45.639304
2013-12-30,45.5934725656,45.776797,45.2176518378,6321900,45.776797
2013-12-31,45.5934736078,45.9051298282,45.40097731,8474900,45.877628
2014-01-02,45.721801096,45.8684628448,45.1901504234,7886500,45.364314
2014-01-03,45.3643132139,45.8317956968,45.3368113866,6435000,45.584304
2014-01-06,45.6576365985,45.9601246222,45.3826430695,9931400,45.593473
2014-01-07,45.7951297783,46.1984523342,45.7767970599,9995800,45.932627
2014-01-08,45.9234583892,45.9601247431,45.4651404229,13695700,45.639304
2014-01-09,45.6668027835,45.8317972536,45.2268175299,9323900,45.391812
2014-01-10,45.6759701202,45.8959609097,45.3734784308,8143100,45.721801
2014-01-13,46.6567709721,48.9850234995,46.5559401026,37291300,48.6917
2014-01-14,48.1508841988,48.6733657592,47.8208943494,21190700,48.581704
2014-01-15,48.2608835041,48.4900424864,47.9858890588,10488000,48.141719
2014-01-16,47.8025652599,48.5633712434,47.7567297972,7769600,48.123386
2014-01-17,48.2333812336,48.2608830612,47.4084107382,16758800,47.619237
2014-01-21,47.6925664358,47.8942272566,47.3992429387,11035500,47.509242
2014-01-22,47.4542429306,47.6467364793,47.0050904004,10653600,47.069254
2014-01-23,46.9409258975,47.4359102252,46.6201051496,15877800,47.298413
2014-01-24,46.9959234985,47.8208939911,46.8675953866,18261300,47.646735
2014-01-27,48.4533756871,49.5900014789,48.150884,31002000,48.150884
2014-01-28,48.0042230322,48.6642018225,47.8667294751,15078200,48.462541
2014-01-29,48.3067144391,48.4350425527,47.46340755,19346100,47.857561
2014-01-30,48.0867201858,49.1958487495,48.0133911444,17371800,49.049187
2014-01-31,48.8658622154,49.0216894064,48.3617097053,16290000,48.554206
2014-02-03,48.4992069875,48.7192014437,47.5917355849,15488600,47.738401
2014-02-04,48.2058837739,49.0583551926,48.0317247797,18181900,49.049187
2014-02-05,49.7549969417,50.5983038234,48.7100319903,24506300,49.06752
2014-02-06,48.820027842,49.3791766764,48.3983762305,12244800,49.287514
2014-02-07,49.1775195893,50.2499817966,48.9850232937,14497100,50.20415
2014-02-10,49.7641662674,50.4149768704,49.7000017514,10609600,50.314146
2014-02-11,50.1491505999,51.1024528797,49.9016588999,15352600,51.056622
2014-02-12,50.8182948914,51.0474538732,50.2774787776,13629700,50.414976
2014-02-13,49.9108273943,50.6074688691,49.8741610404,10243400,50.506638
2014-02-14,50.3691452279,50.9832894673,50.3691452279,8681900,50.818295
2014-02-18,50.6166369464,51.2674475397,50.5341397127,11201100,51.047454
2014-02-19,50.8182945351,51.0199553543,50.4058111206,10297100,50.451642
2014-02-20,50.5158078386,51.3316129129,50.4424751297,10133100,51.157453
2014-02-21,51.1941146167,51.6432680536,51.1666173722,11666600,51.35911
2014-02-24,51.2124489426,52.1749157609,51.2124489426,11012500,51.496607
2014-02-25,51.4507758218,51.6890993311,51.1482841308,8514500,51.249115
2014-02-26,51.3316122978,51.7440993847,51.2582795899,10139500,51.579104
2014-02-27,51.5516067411,51.9457565261,51.3316122838,9055500,51.936592
2014-02-28,52.0007558271,52.6698991332,51.9274267867,11886600,52.239083
2014-03-03,51.4232744986,52.0374224129,51.2857818573,9821800,51.716598
2014-03-04,52.2849142814,52.6057350232,52.1657506941,10995900,52.303247
2014-03-05,52.6149046038,52.6515672913,51.8082631461,9042300,52.138253
2014-03-06,52.3032475622,52.8440636825,52.2574130154,10605700,52.486572
2014-03-07,52.5690689381,52.7707306767,52.3399099548,10634200,52.679068
2014-03-10,52.6515663939,52.8165608597,52.2482475052,7383200,52.541571
2014-03-11,52.6149042608,52.6515669481,51.8540946049,10885500,51.96409
2014-03-12,51.6890990769,52.1840833948,51.5699354896,9498300,52.074088
2014-03-13,52.2957984611,52.4620808062,51.4736246436,10120000,51.53829
2014-03-14,51.2981027148,51.7507611352,51.0579180282,12117800,51.455149
2014-03-17,51.6860976154,52.1479930282,51.6860976154,9509400,51.97247
2014-03-18,52.0186614595,52.2496091621,51.8800919141,7070900,52.064851
2014-03-19,52.3604628076,52.5729346927,51.399719447,10048400,51.723049
2014-03-20,51.5752426414,51.621431258,51.0948704976,8460800,51.353531
2014-03-21,52.1941811014,52.2865583354,50.4574534436,23424900,50.494406
2014-03-24,50.6791649256,50.6791649256,49.4874738531,15500800,49.681469
2014-03-25,49.7738498836,51.2519142593,49.7091845268,14115700,50.984014
2014-03-26,51.2057254134,52.1572290391,51.1687728566,13073600,51.750762
2014-03-27,51.6306676063,51.8339034327,51.1133475224,11123800,51.482862
2014-03-28,51.9262799603,52.6191230605,51.5198129319,8960300,51.713809
2014-03-31,51.8154272406,52.5082703576,51.7692386233,14181200,52.443605
2014-04-01,52.332751198,52.5082696042,51.7415213848,7715400,52.074087
2014-04-02,52.1757047399,52.2496089282,51.7784737694,7060000,52.157228
2014-04-03,52.221894062,52.4251289659,51.6860972347,8313100,51.926281
2014-04-04,52.2957983416,52.39741533,51.8154261997,10412800,51.843139
2014-04-07,51.1502963462,51.8800920116,50.8362074701,11426300,50.984014
2014-04-08,51.0671549464,51.3720077606,50.5313581253,10766800,50.845447
2014-04-09,51.0117300289,52.7946472362,50.9932542125,16108500,52.748454
2014-04-10,53.4782491802,53.7091968832,51.529050567,18018500,51.593715
2014-04-11,51.3165793191,52.2865587599,51.0856316132,13631700,51.658381
2014-04-14,51.9355199466,52.4066523331,50.7623056251,10787000,51.335055
2014-04-15,51.5382902369,52.0186614583,50.9101124858,11142900,51.778474
2014-04-16,52.1479930282,52.609888441,51.6676208751,9635500,51.97247
2014-04-17,52.1479921838,52.6560762058,51.9817089141,11263700,52.166468
2014-04-21,52.2496092634,52.9332126168,52.1018036572,6231000,52.887024
2014-04-22,52.7392182385,53.8754809541,52.6745528807,13972200,53.367396
2014-04-23,53.3489197043,53.3673955207,52.7299817043,7736100,53.117972
2014-04-24,52.9516888551,53.4135842568,52.5175053298,6714800,53.145684
2014-04-25,53.1456845645,53.2842541103,52.6745521735,6227700,52.877788
2014-04-28,53.2195903917,53.4412974185,52.1757058349,16992200,52.360464
2014-04-29,53.1179722732,54.3743287151,52.9055003841,13661500,54.244998
2014-04-30,54.0509986879,54.5036580344,53.5983430366,13560400,54.097191
2014-05-01,54.0879508363,55.2796419014,54.0879508363,11724500,55.076407
2014-05-02,54.937840515,54.9932661162,53.5244387251,12079300,53.783102
2014-05-05,53.6814847798,54.1988048609,53.3489191651,8135000,54.161856
2014-05-06,54.2727100022,54.2911858184,52.6930286434,13838300,52.757694
2014-05-07,51.9078048608,52.5175058736,51.2888659398,22909900,51.584479
2014-05-08,51.3165786124,51.5105737588,50.549834087,14371400,50.651452
2014-05-09,50.9008720865,51.4643854078,50.2542222108,12385000,51.00249
2014-05-12,51.3812441209,51.3812441209,50.6699242707,8085000,51.076395
2014-05-13,51.0948709647,51.7877140768,50.9932539749,8959000,51.501338
2014-05-14,51.3904836487,52.2496091014,51.3904836487,7797500,52.074087
2014-05-15,51.556766582,52.2773224977,51.2796265647,8918500,51.630668
2014-05-16,51.4181968523,51.9724694947,51.4181968523,9062000,51.612192
2014-05-19,51.4921022934,52.0740877402,51.3812446234,7519300,52.055611
2014-05-20,51.9355199006,51.9724687613,51.482861483,7855900,51.732285
2014-05-21,51.9170445676,52.3050348611,51.8523792107,6650900,52.268086
2014-05-22,52.1018038266,52.452841565,51.7692382094,7178000,52.184945
2014-05-23,52.3142746537,52.6376005144,52.1479923074,6053000,52.480557
2014-05-27,52.5914107178,52.6930286305,52.1664678698,7301800,52.3697
2014-05-28,52.3881753768,52.4066521166,52.101803,6843100,52.101803
2014-05-29,52.5729353317,53.3858721734,52.2865583312,8513700,53.302731
2014-05-30,53.1364472019,53.829290307,53.1364472019,11519000,53.450537
2014-06-02,53.4967261837,53.7646264442,53.0994961326,6425500,53.515202
2014-06-03,53.1364475828,53.5429146169,52.997878037,7078100,53.496726
2014-06-04,53.3766324537,53.5891034177,53.1272080095,6875400,53.515202
2014-06-05,53.5521549643,54.0140503761,53.3212072584,7640600,53.672245
2014-06-06,53.7646265578,53.8200512356,53.2842544084,6703200,53.441297
2014-06-09,53.1087349116,53.5521535716,52.8777872117,8082900,53.524438
2014-06-10,53.5059615463,54.0417620605,53.5059615463,7663700,54.032526
2014-06-11,54.0602387386,54.5313711326,53.9493856879,11696800,54.328139
2014-06-12,54.2443709101,54.6539047485,54.0396067832,9563900,54.262986
2014-06-13,54.0861439863,54.5887523384,53.9651449727,8398500,54.207143
2014-06-16,54.0396063859,54.3374478214,53.7324564748,7731500,54.048913
2014-06-17,53.9372240054,54.1885277194,53.7789938795,6266700,54.039607
2014-06-18,54.011681368,54.4026001098,53.8069172446,7837000,54.365369
2014-06-19,54.3746756084,54.3746756084,54.0768341707,6011900,54.262986
2014-06-20,54.551520904,55.1751245429,54.3932907812,14418000,54.840052
2014-06-23,54.7376718191,54.8958991497,54.3653690969,7054400,54.449137
2014-06-24,54.3374478561,54.6911317687,53.8720706128,8158500,53.909298
2014-06-25,53.7324555188,55.2123551252,53.7231489049,13274300,54.784209
2014-06-26,54.6911316005,54.7004410068,54.2164486753,7238300,54.477059
2014-06-27,54.3281377588,54.4677518607,53.499767207,17285700,53.546304
2014-06-30,53.6207667163,54.1699118614,53.5463044961,8735000,53.844145
2014-07-01,53.7045346602,54.5794420137,53.4997677429,8838000,54.458443
2014-07-02,54.4212152642,55.0075877931,54.3281379549,6941000,54.961051
2014-07-03,55.2775074892,55.3333546194,54.9796669872,5220100,55.100666
2014-07-07,54.8307472527,55.5195074399,54.4398322267,9276200,54.467753
2014-07-08,54.5980585631,54.6073642465,53.8999926933,8270100,54.141987
2014-07-09,54.4026004133,54.6539041235,54.1512957724,6938700,54.495674
2014-07-10,54.2443698653,54.7004404887,53.7324558348,5583700,54.523599
2014-07-11,54.5887522335,54.6725201369,54.1326806758,6106800,54.393291
2014-07-14,54.5608270431,54.6073638367,54.0396063924,8379100,54.151296
2014-07-15,54.1047589166,54.3560635572,53.5090769795,10158100,53.899992
2014-07-16,53.9279137665,54.1792174767,53.732456256,6805000,54.123375
2014-07-17,53.8627616442,54.2071435993,53.5835362267,6649700,53.611457
2014-07-18,53.9092982523,54.3839849042,53.6300728358,7432700,54.300217
2014-07-21,53.8813760761,54.160602421,53.7138402692,7095700,53.98376
2014-07-22,54.104759583,54.8028254524,54.104759583,6509200,54.383985
2014-07-23,54.2629854905,54.449137318,54.0302968694,6292400,54.086144
2014-07-24,54.2816019248,54.4491377332,53.9092982668,10064200,54.179218
2014-07-25,54.1047589796,54.3188325105,53.9092977461,5525100,54.123375
2014-07-28,54.1419871067,54.3002172324,53.8441456683,8600700,53.955839
2014-07-29,54.7469782125,55.1751243402,54.1140642388,10328000,54.523599
2014-07-30,54.5235992395,54.7748992258,53.6207664641,8051800,54.058222
2014-07-31,53.7603768456,54.0489125956,52.7923949797,10119000,52.811011
2014-08-01,52.6620908049,53.1646954362,52.3828616661,10141000,52.866854
2014-08-04,53.0064690064,53.3043095117,52.4573238586,8649500,53.108852
2014-08-05,52.7923954578,53.0250840797,51.9547154884,9031200,52.150173
2014-08-06,52.0105622059,52.2525565136,51.8616414864,12275800,52.057099
2014-08-07,52.3177090604,52.6434749941,51.7220271163,7215500,51.787179
2014-08-08,52.0012519526,52.6900121304,51.7313359452,7081500,52.634165
2014-08-11,52.7737801101,53.0995423176,52.5503971727,5499100,52.736549
2014-08-12,52.6341648501,53.1833099927,52.6062431465,7090200,53.080927
2014-08-13,53.4159988684,53.8813761101,53.201926268,10660700,53.844145
2014-08-14,54.0302962346,54.7190564062,53.9837594417,7932300,54.709747
2014-08-15,54.7283624897,54.9145143164,54.0116815401,9046800,54.551521
2014-08-18,54.7283626341,54.7935154478,54.3095221862,9443900,54.374675
2014-08-19,54.7748988701,54.8679771097,54.3002159504,7435000,54.830746
2014-08-20,54.6166724223,55.4450439025,54.4770583208,7038400,55.361276
2014-08-21,55.2868186937,55.5288130001,54.7190575227,7646800,54.7749
2014-08-22,54.9517457092,55.2495871444,54.8214410121,5187600,55.072741
2014-08-25,55.2309707534,55.7242696962,55.1565085336,5170800,55.593965
2014-08-26,55.5381183301,56.217572828,55.5288126467,9220600,56.031421
2014-08-27,56.2175723296,56.3851081356,55.9476526003,6546700,56.105879
2014-08-28,55.7428850761,56.0593425312,55.6963482827,5241000,55.845269
2014-08-29,56.236184098,56.236184098,55.6870426751,5715800,55.947653
2014-09-02,55.5939648007,55.938342095,55.5381176707,6054500,55.649811
2014-09-03,55.9569584562,56.6457186335,55.9011150488,9096200,56.292031
2014-09-04,56.3757988335,56.7760232598,55.7708065602,10809000,55.919731
2014-09-05,56.2361847223,56.94356,55.9848847317,10744200,56.94356
2014-09-08,56.9807901229,57.0831740463,56.6177968069,8420400,56.82256
2014-09-09,56.6271033272,56.80394575,56.2827250957,7443700,56.366493
2014-09-10,56.4688730958,56.6550249247,56.1710316588,9212800,56.552641
2014-09-11,56.4495127583,56.665147838,56.0744971034,7785200,56.346382
2014-09-12,56.1401243327,56.3745102854,55.5588443573,7021800,55.830733
2014-09-15,55.9244905713,56.2432554692,55.7838571237,7738900,55.802608
2014-09-16,55.7932302213,56.3088821291,55.5775960827,9045400,56.243255
2014-09-17,55.8119817931,56.2620018821,55.5775958417,10271200,56.140124
2014-09-18,56.3745101146,56.5713933767,56.0838705965,8004100,56.543268
2014-09-19,56.9557865158,57.0870417118,56.712027,14480700,56.712027
2014-09-22,56.5995189869,57.1714216497,56.49638823,9320500,56.796406
2014-09-23,56.3932621172,56.9370356526,55.9619891514,8012100,56.51514
2014-09-24,56.5432678098,56.7589028849,56.4682633678,11465600,56.590145
2014-09-25,56.5151400396,56.7214006157,55.905738437,8691800,55.915112
2014-09-26,55.9901173327,56.0557453995,54.8931891987,10786200,55.680726
2014-09-29,55.3432104131,55.9901175199,55.136952649,8719200,55.699478
2014-09-30,55.6901040696,56.2338776031,55.5494706233,9247300,55.577596
2014-10-01,55.3994635844,55.5213452169,54.846312738,9088900,55.043196
2014-10-02,55.1088248701,55.3713390151,54.6494302728,8109800,55.174452
2014-10-03,55.4744652697,56.3463810115,55.4744652697,8641800,56.158876
2014-10-06,56.412009097,56.4870144768,55.5963469209,7114600,55.858862
2014-10-07,55.6150986113,55.6901039909,54.799436437,9520100,54.80881
2014-10-08,54.9963203958,56.4682641909,54.9119414521,12318200,56.421387
2014-10-09,56.2526285467,56.7307740143,55.4182154942,8595800,55.511968
2014-10-10,55.6057244152,56.1776233278,54.99632,11285200,54.99632
2014-10-13,54.8931896012,54.8931896012,52.4837029267,14807700,52.633709
2014-10-14,53.0368536406,53.393121228,52.2493168356,10935800,52.811845
2014-10-15,51.9117990924,52.3805709908,50.8992536669,18785800,51.311772
2014-10-16,50.6367395372,50.7117449175,49.2116766896,21856200,50.092966
2014-10-17,50.486732676,51.218019666,50.1867195921,19718100,50.646117
2014-10-20,50.8336263228,50.8805025758,50.5523603671,12064100,50.674242
2014-10-21,51.1617655307,51.8274206959,50.927379579,17289900,51.686791
2014-10-22,51.7805446084,52.371198146,51.5649095322,12901700,52.043055
2014-10-23,52.746212977,53.5056253396,52.6805858477,11851100,53.093107
2014-10-24,53.2524866505,54.0587752522,53.0931060803,8555400,54.011899
2014-10-27,53.355618215,53.6650095473,52.4274479682,14418900,52.924349
2014-10-28,53.0649778587,53.0649778587,50.7211183298,23961200,52.36182
2014-10-29,52.5212041768,53.0743559617,52.1555630289,12492900,52.689963
2014-10-30,52.2305650202,53.8056386301,52.2211914572,12866600,53.730637
2014-10-31,54.3306643131,54.4994221976,54.0587756727,14066100,54.321287
2014-11-03,54.3306653072,55.2494573133,53.9743977181,10178900,55.24008
2014-11-04,55.1932030955,55.980739895,55.1932030955,11338400,55.661975
2014-11-05,56.2432542699,56.4870137821,55.6713516161,12678800,55.849484
2014-11-06,55.8776098994,56.1588767961,55.49321787,13362100,55.558845
2014-11-07,55.6807262532,55.8963613307,55.3713386693,10613000,55.63385
2014-11-10,54.6025539601,55.4932177766,54.0962793596,14598500,55.136953
2014-11-11,55.9901172082,56.2057522843,55.5119679906,13303600,55.661975
2014-11-12,55.5775968103,55.8307336421,55.4088379848,6668800,55.605725
2014-11-13,55.7838563103,56.2057519594,55.4838422932,6646900,55.821359
2014-11-14,55.53072001,55.8307330924,55.0994498563,7130600,55.380713
2014-11-17,55.9807399525,56.158876089,55.6057243036,8571300,55.746354
2014-11-18,55.7744832876,56.3745103901,55.4557183913,7663000,56.149498
2014-11-19,55.905738437,55.9994918806,55.4369665311,7304400,55.915112
2014-11-20,55.5119676783,55.6901038136,55.1838292221,6741100,55.671352
2014-11-21,56.1963753306,56.2713797734,55.6244764162,11260400,55.933864
2014-11-24,56.0744964736,56.0744964736,55.3057114834,8488000,55.549471
2014-11-25,55.6150991237,55.9338640209,55.4369667363,10328600,55.63385
2014-11-26,55.9713667467,56.0369938763,55.6432235986,6280600,56.018243
2014-11-28,55.9713663954,57.0682907781,55.9713663954,6207400,56.627648
2014-12-01,56.6276486167,57.4901870562,56.5151405456,8274100,56.740152
2014-12-02,56.8432823032,57.1714217001,56.5151400936,6446000,56.983912
2014-12-03,56.965160136,57.1245444591,56.5432682332,9730500,56.796406
2014-12-04,56.7307740381,57.546439965,56.7307740381,7114600,57.115167
2014-12-05,57.2182970404,57.9120803883,57.0214137804,11171800,57.64957
2014-12-08,57.3495530811,58.3152260197,57.171421632,11394700,58.015212
2014-12-09,55.6901040277,56.3838836325,55.0806986779,18778200,56.262002
2014-12-10,56.3651321942,56.7401506509,55.9713656741,13253700,56.233877
2014-12-11,56.470031632,57.2257391508,55.912699427,11314100,56.054395
2014-12-12,55.8560235081,56.3472324983,54.5146458022,12120400,54.524094
2014-12-15,54.6185558971,54.8452682464,53.6550314828,12175200,53.796728
2014-12-16,53.8156211358,55.0625338732,53.6361393828,11214000,53.655032
2014-12-17,53.891190206,54.5996633587,53.4283229688,12663800,54.439078
2014-12-18,55.3459219654,55.714328,54.8736065365,13359400,55.714328
2014-12-19,55.9693779299,56.5833898724,55.7426646363,17374200,56.281108
2014-12-22,55.8465759388,56.2622154097,55.3081363443,10010500,55.695435
2014-12-23,55.4403846843,55.7332211979,53.8722974438,14165400,54.042331
2014-12-24,54.1179026439,54.6563422314,54.080116465,5051000,54.278488
2014-12-26,54.4863078589,54.8074823504,54.4012910817,4672800,54.58077
2014-12-29,54.2690433065,54.7130169723,54.2690433065,6003800,54.533539
2014-12-30,54.3446124628,54.571324814,54.1273473649,5234800,54.457971
2014-12-31,54.0990088641,54.6468928687,53.5889082043,7483600,53.645587
2015-01-02,54.0517788151,54.5902184059,53.8722970622,7076300,54.023438
2015-01-05,54.9869613568,55.2420126333,54.3823985516,15961200,54.826376
2015-01-06,55.053085117,57.1501665534,55.0247471361,24287700,56.980133
2015-01-07,57.0934880089,58.2081524193,57.0179194297,18634500,58.198708
2015-01-08,58.5671136537,59.4550657225,58.4254171346,19121000,59.370048
2015-01-09,59.3322657168,59.6345475943,58.7276991279,12638700,59.096108
2015-01-12,59.6062057481,59.9840599837,58.6615748822,11569000,58.850502
2015-01-13,59.4267271611,60.0974141243,58.3120627508,10035200,58.746592
2015-01-14,58.3026184852,59.4267282806,58.0759061308,9853000,59.171677
2015-01-15,59.313373089,59.5023002071,58.4065284013,9564600,58.453759
2015-01-16,58.4348657861,59.6628849561,58.1231357138,11371200,59.540082
2015-01-20,59.2378001966,59.7951324032,58.4537584732,13105900,59.143339
2015-01-21,58.9638561333,59.303924186,58.6426854208,9081400,58.718254
2015-01-22,58.8127159244,59.2378007595,58.1231363358,8494400,59.124446
2015-01-23,59.0016422405,59.5117438466,58.9544116424,6229100,59.029984
2015-01-26,59.1150004853,59.492850936,58.6804674603,6714600,59.34171
2015-01-27,59.3983898775,59.5306372543,58.6899167271,7965100,59.096108
2015-01-28,59.3417103271,59.4739577022,57.9247640442,8868100,58.047567
2015-01-29,58.1325839725,58.7088097408,57.395769069,9091300,58.65213
2015-01-30,58.1231355689,58.5009888555,56.7061892862,12086900,56.942347
2015-02-02,57.1501673267,57.5563585986,56.4700321593,9266700,57.509128
2015-02-03,57.5185730416,57.6791621796,56.6211737102,11477500,57.641376
2015-02-04,56.6495142908,56.6778522723,55.1097650261,19446700,55.780452
2015-02-05,55.9882709751,56.0638395545,55.2703496335,12660400,55.893806
2015-02-06,55.8276817316,56.4605862948,55.3364774648,9864800,55.534849
2015-02-09,55.4026018755,55.7332207875,54.7224657664,10014100,55.10032
2015-02-10,55.7332215202,56.0543960171,55.5159564194,9539400,55.591525
2015-02-11,55.5065068385,55.695433953,55.1664435111,10483900,55.487618
2015-02-12,55.7332207586,55.8371310979,55.3459221059,7207700,55.619866
2015-02-13,55.6387597223,55.6765421229,55.3648158274,7899300,55.553742
2015-02-17,55.4876184018,55.7048825542,55.4498322229,10187300,55.534849
2015-02-18,55.4214910427,55.7426655373,55.0058553508,10534200,55.544294
2015-02-19,55.5915240265,55.723776125,54.6091107695,9836200,55.071978
2015-02-20,54.9302866058,55.2420129015,54.5335397538,11604800,55.119209
2015-02-23,55.1569947771,55.4214904723,54.949175044,8589900,55.071978
2015-02-24,55.2514609566,55.3270295362,54.8358205438,7714100,55.128658
2015-02-25,55.2231192403,55.7048828691,54.8452687848,8455200,55.251461
2015-02-26,55.4120466844,55.8749176987,55.4120466844,11489100,55.695435
2015-02-27,55.6293099088,55.7898990429,55.251460402,13059900,55.298691
2015-03-02,55.2986918207,55.6293107345,55.0530859064,9667200,55.336478
2015-03-03,55.3931533166,55.4498330581,54.741359905,8251300,55.109765
2015-03-04,55.1758884101,55.4026017052,54.4863078838,13335200,54.675235
2015-03-05,54.8736063941,55.053085312,54.5996625014,11534100,54.769697
2015-03-06,54.6468932779,54.6657868397,53.5794632416,11064700,53.692818
2015-03-09,53.6928189219,54.1934723409,53.1827173049,8342000,54.089562
2015-03-10,53.7967284739,54.0234379913,53.3621992225,13125000,53.447216
2015-03-11,54.3068300755,54.3068300755,52.8709902225,15665300,52.956007
2015-03-12,53.1559856847,53.5368966025,53.0036216985,12954300,53.48928
2015-03-13,53.3559623604,53.7368732775,52.9845751448,13072900,53.517851
2015-03-16,53.8797164045,54.5843979346,53.8797164045,11520800,54.393942
2015-03-17,54.1749195642,54.1749195642,53.5559437194,9999400,53.774966
2015-03-18,53.6987817449,55.2033780219,53.5273722594,14928500,54.898651
2015-03-19,54.6891485166,55.5557186916,54.3082375973,14455900,55.431922
2015-03-20,55.4604925314,56.0509020219,55.0033967666,26114000,55.784266
2015-03-23,55.6128571812,56.3175377646,55.2700372581,10658500,55.927106
2015-03-24,56.5746524785,56.8508131551,55.7176031538,13065300,55.831879
2015-03-25,56.6603578067,56.8603345879,55.4033549109,14038400,55.479535
2015-03-26,55.2700378255,55.4224018142,54.6701036681,10582900,54.851034
2015-03-27,55.0700608987,55.4509689647,54.8796049611,8523500,54.993877
2015-03-30,55.4700142569,55.7461749368,55.3747886692,8189000,55.555719
2015-03-31,55.412876236,55.5271511301,54.736762,10458700,54.736762
2015-04-01,54.5272591048,54.5843975036,53.5368960614,12712200,54.146352
2015-04-02,54.2796704126,54.7081950787,54.1368272701,7583500,54.374896
2015-04-06,54.2130112697,54.6034439874,54.0035098347,12649200,54.45108
2015-04-07,54.908172233,55.117673669,54.5653523073,9278300,54.689149
2015-04-08,55.1462400269,55.279557562,54.2987153572,13559700,54.422513
2015-04-09,54.4891722178,54.9748314778,54.384421976,12006000,54.689149
2015-04-10,54.3272830643,54.8986508714,53.6321233272,15507500,54.517739
2015-04-13,54.3558541252,54.6320109941,53.8035327693,10480900,54.022556
2015-04-14,54.2225335104,55.2224250428,53.9082846884,14656200,55.003398
2015-04-15,55.2986045783,56.1366074598,55.2986045783,12108800,55.66047
2015-04-16,55.4319217657,55.6033312502,54.9843554132,6409400,55.079581
2015-04-17,54.6129643523,54.6224899582,53.8701918247,11663400,54.165398
2015-04-20,54.7558078067,55.2319452659,54.6510566134,9961400,54.860559
2015-04-21,55.2414663181,55.2605127688,54.6701032695,9255500,54.908172
2015-04-22,54.8129451654,55.1271939834,54.584398233,7914600,54.936739
2015-04-23,54.7748536538,55.0891024743,54.3177626423,8342000,54.765329
2015-04-24,55.0891027322,55.4128771603,54.7653292564,7866500,54.851034
2015-04-27,55.0700605003,55.2605126274,54.1653983745,10599600,54.374896
2015-04-28,54.3748953595,57.5935864542,54.3748953595,34731200,57.117449
2015-04-29,56.4984726839,57.5459731872,56.4032432877,17192000,56.831767
2015-04-30,56.9365182309,57.2698125472,56.4127679789,13012400,56.717495
2015-05-01,56.9079466523,57.4983599526,56.8317665641,9357500,57.003177
2015-05-04,57.2698125416,58.0411571287,57.1650623008,9050400,57.74595
2015-05-05,57.4412223613,57.8030877781,57.1936318379,12082100,57.603111
2015-05-06,57.5650200923,57.6983376294,57.0698361797,11570900,57.384085
2015-05-07,57.1841082689,57.8316561698,57.0698362302,9001000,57.422177
2015-05-08,58.0887695723,58.4506349908,57.8030880513,10143400,57.84118
2015-05-11,57.764996445,57.7935637402,56.9841310133,9718900,57.136495
2015-05-12,56.7079702407,56.8793806776,56.2889711826,13191900,56.60322
2015-05-13,56.7746300143,56.9936522945,56.1556532182,7320900,56.35563
2015-05-14,56.6317896833,57.0317432398,56.2318323177,7127300,56.926993
2015-05-15,57.079357323,57.355518,56.9555634889,7665700,57.355518
2015-05-18,57.2983799871,57.5650198213,57.146016,7190400,57.146016
2015-05-19,57.0984040847,58.012587069,57.0793585861,8128700,57.631679
2015-05-20,57.7745177819,57.9459272684,57.5554955015,6034900,57.574541
2015-05-21,57.6602456679,57.8887935541,57.2222001553,8039000,57.231721
2015-05-22,57.203154746,57.203154746,56.5079940507,8990400,56.546086
2015-05-26,56.4508563207,56.603220308,56.0413771527,10857700,56.155653
2015-05-27,56.2699252306,56.9269939755,56.0604237951,9726700,56.622266
2015-05-28,56.6127442728,56.9936513795,56.5460850292,9530100,56.850813
2015-05-29,57.0222232341,58.2030422319,56.6317905164,20015600,57.984019
2015-06-01,57.9459265868,58.7553631202,57.4602682854,11807400,57.850701
2015-06-02,57.5650197806,57.5745406253,56.9650856296,8993000,57.365043
2015-06-03,57.7649971831,57.9744986197,57.384085307,8654800,57.507882
2015-06-04,57.0984038108,57.3364725432,56.4413350619,10830300,56.631791
2015-06-05,56.5270397654,56.5746525588,55.9937639098,10881800,56.174699
2015-06-08,56.0794684982,56.3461045207,55.9556718076,8047800,56.060423
2015-06-09,56.1461280375,56.460380664,55.9080593088,6445200,56.031856
2015-06-10,56.165173858,56.8127207929,56.0985146147,10223200,56.765108
2015-06-11,56.8034882859,56.9666044893,56.4580607143,11640300,56.525227
2015-06-12,56.4100858177,56.4196790823,55.4505674496,15812300,55.527327
2015-06-15,55.2682558553,55.3066375494,54.7117371231,10106500,54.807688
2015-06-16,54.9228332461,55.3929953269,54.5774056744,6968900,55.373804
2015-06-17,55.3738043658,55.815181858,55.1435218752,7917300,55.565709
2015-06-18,55.5657095003,56.4868461874,55.5657095003,7440500,56.218182
2015-06-19,56.0454678364,56.4580607344,55.6040903469,12613500,55.690447
2015-06-22,56.4100863054,56.8034888397,56.0646587304,8362500,56.448468
2015-06-23,56.4964421646,56.6595583673,56.1510145945,8371000,56.640368
2015-06-24,56.534820656,56.6403686366,55.882352,7908400,55.882352
2015-06-25,55.8919445072,56.2277740144,55.3834007356,9951200,55.556115
2015-06-26,55.8631600823,56.160608856,55.5081354093,13083700,56.122231
2015-06-29,55.5848987931,55.863160078,54.9324263059,9601200,54.970808
2015-06-30,55.3738043718,55.3738043718,54.4142859983,11847300,54.625381
2015-07-01,54.6253816017,55.5273279232,54.3183366784,9380100,55.268257
2015-07-02,55.5944939219,55.9687089682,55.1723067946,8518400,55.335423
2015-07-06,54.9228341797,55.4985432907,54.3471202712,8054100,55.220282
2015-07-07,55.412185673,55.7480151823,54.865260204,9034300,55.642472
2015-07-08,55.3929959023,55.4025930051,54.8076887328,9111600,55.028377
2015-07-09,55.6904471239,55.8151816333,55.0283765704,8664200,55.057165
2015-07-10,55.7192312438,55.8919445489,55.2490691658,8047400,55.60409
2015-07-13,55.8919449394,56.1797994903,55.3450194696,9133800,55.527327
2015-07-14,55.5561155512,55.9207296533,55.3450195907,7235100,55.834373
2015-07-15,55.8055889377,56.1893972489,55.7192322836,5748600,55.863161
2015-07-16,56.141417389,56.4868449585,55.9878944512,5324700,56.43887
2015-07-17,56.3237287562,56.5348199171,56.2181807769,6988900,56.43887
2015-07-20,56.5732023056,56.8034886341,56.4772523873,5697200,56.611584
2015-07-21,56.6019907173,56.6307743494,56.2757544706,6932800,56.294941
2015-07-22,56.1414181033,56.6403686169,55.6616589166,8617800,55.776804
2015-07-23,56.1606094927,56.1606094927,55.5944936518,6441600,55.719232
2015-07-24,55.3738045535,55.5369245965,54.9995933461,7847100,55.08595
2015-07-27,55.1051401651,55.1243314921,54.3375264262,14887000,54.682954
2015-07-28,54.2319786238,55.3066382456,53.5699128632,16387100,55.191497
2015-07-29,55.3546134714,56.4388701825,55.3066375532,12876000,56.170206
2015-07-30,56.2469668792,56.4388715161,55.9207306276,6989500,56.151016
2015-07-31,56.6115836942,56.9282266746,56.3237291434,8752500,56.573202
2015-08-03,56.8994385934,57.0433682685,56.1126344866,6807000,56.659559
2015-08-04,57.0337706713,57.0625581412,56.0070860204,6935800,56.323729
2015-08-05,56.6883474706,56.8802482669,56.3908948555,5702600,56.707534
2015-08-06,56.7651074181,56.8514640724,55.9591119781,7019700,56.064659
2015-08-07,55.9878951029,56.0838498187,55.3354226098,9712400,55.623281
2015-08-10,55.9015383254,56.2373726335,55.9015383254,5052400,56.045468
2015-08-11,55.5849000445,55.8343738651,55.2298792016,7078300,55.42178
2015-08-12,54.9612119454,55.9207303272,54.8076890044,7525300,55.901539
2015-08-13,56.1797991448,57.0433675897,56.1318241862,10957200,56.592393
2015-08-14,56.6211779556,57.15851017,56.4868463413,9466400,56.784298
2015-08-17,56.419679282,57.3312226944,56.2085881188,6113700,57.292841
2015-08-18,57.2544592647,57.523127287,57.1489151224,6797400,57.244866
2015-08-19,56.9186297539,57.638268532,56.7938914062,7966500,57.244866
2015-08-20,55.9303266127,56.1797994693,54.4430741023,23694400,54.644572
2015-08-21,54.2991450708,55.2970451446,53.5027428972,17632500,53.51234
2015-08-24,50.9216401757,52.1978015339,43.8403936067,24838600,51.804399
2015-08-25,53.1477214748,53.1669128017,48.9354367964,22849800,49.098553
2015-08-26,51.2382830965,52.3992993696,50.365121376,22891200,52.216988
2015-08-27,53.0421741407,53.1573192228,51.4685640256,16135600,52.725535
2015-08-28,52.5624151637,53.1669126942,52.3801076336,12797000,53.128531
2015-08-31,52.8886523058,53.0613656147,51.4493747315,12917100,51.670063
2015-09-01,50.5282373476,51.0751628183,50.086859857,15747400,50.403499
2015-09-02,51.0175895704,51.113543326,50.2307845107,13130800,50.835283
2015-09-03,51.1135434692,51.3822076527,50.4706642435,12149100,50.518644
2015-09-04,49.9909054525,50.1252418632,49.108150466,14491300,49.501553
2015-09-08,50.8640669192,50.8736640219,50.0868599173,14961100,50.557022
2015-09-09,51.0559715552,51.1711166383,49.712647755,11116700,49.827789
2015-09-10,49.9141461739,51.0463788228,49.7606241924,14065400,50.58581
2015-09-11,50.5277395097,50.7600084001,50.0438500203,12090800,50.411607
2015-09-14,50.4406396558,51.0309858036,50.3148312913,8791400,50.653552
2015-09-15,51.0793741769,52.1536088569,50.9729175201,11792200,51.824564
2015-09-16,51.7858515973,52.2310328341,51.6019755256,8681400,52.134253
2015-09-17,52.114896344,52.7439546191,51.311641723,22799900,52.221353
2015-09-18,51.9503754454,52.1342524831,50.2374066574,28997900,50.450319
2015-09-21,50.7503283316,50.7503283316,49.0567151303,17243300,49.337372
2015-09-22,48.9212260919,49.3567275973,48.6405692221,12795600,49.105107
2015-09-23,49.1051070013,49.7825493787,48.7663814576,10055500,49.38576
2015-09-24,48.9018712929,49.2212402945,48.6018617422,10508300,48.959939
2015-09-25,49.2793042676,49.6664177995,47.5469827777,15322700,48.001836
2015-09-28,47.7115024652,47.7792469934,46.540490874,20150500,46.859856
2015-09-29,47.0147044718,47.7115024295,46.6469474941,12802900,47.082449
2015-09-30,47.8082836932,47.943771783,47.2760013814,12679100,47.798603
2015-10-01,47.7598904527,47.9728037627,46.9759923868,14408600,47.779247
2015-10-02,47.217938288,48.5341186933,46.7921126255,24287900,48.524438
2015-10-05,49.4244723637,49.6664171079,49.0567153846,15881600,49.579317
2015-10-06,49.7341616026,49.7341616026,47.73086005,16493500,48.195393
2015-10-07,48.8341263642,49.472860491,48.1663598358,14508200,49.30834
2015-10-08,49.0276835641,49.5406054603,48.5244375222,12542000,49.376084
2015-10-09,49.347052127,49.8502933255,49.0567155296,10921400,49.30834
2015-10-12,48.1082920221,49.2115590891,48.0889364426,11653300,49.076071
2015-10-13,49.1438155254,49.2696277603,47.7695713124,14905900,47.876027
2015-10-14,47.9921599816,48.5050818771,47.8566718911,13731200,47.943772
2015-10-15,48.0695801642,49.4341524018,47.6631149268,14037500,49.085751
2015-10-16,49.6470598189,50.0535289188,49.4341513505,11092500,49.821261
2015-10-19,49.6760964721,49.8890049422,49.2889829485,8441900,49.743841
2015-10-20,49.7341609833,49.8115852375,48.4857251271,9876200,48.766382
2015-10-21,49.1147836381,49.3373728053,48.5341181809,11269900,48.959939
2015-10-22,49.1825279451,50.8664643443,48.6792819059,18449600,50.334183
2015-10-23,50.6632282316,51.5342312588,50.4599956113,15703500,51.176154
2015-10-26,50.9535653999,51.4568066001,50.7793642152,10975200,51.205186
2015-10-27,52.0277960007,52.3568408537,51.0793735686,13956900,51.747143
2015-10-28,52.2503892005,53.3633321271,51.8245635449,14710000,53.32462
2015-10-29,53.1891321087,53.8472218193,52.7149223411,8907300,53.102032
2015-10-30,53.0246112351,53.4891441773,52.898799,11017400,52.898799
2015-11-02,52.9278308971,53.5472123412,52.6568537533,10559100,53.3343
2015-11-03,53.3052675987,53.5956003219,52.7245982812,9216200,53.3343
2015-11-04,53.6827011965,53.9730339239,53.4020443235,7749200,53.740766
2015-11-05,53.6730213827,53.8859337265,52.9181547444,9046800,53.276232
2015-11-06,53.0246112162,53.1117113243,52.2697407094,10723000,52.850411
2015-11-09,52.2890975101,52.6568544916,52.0084445083,9140200,52.492334
2015-11-10,52.6278220187,52.8407304914,52.2794206173,7462300,52.67621
2015-11-11,53.0439670928,53.227844132,51.9503758729,8544600,51.989088
2015-11-12,51.863275193,52.2310321707,51.321318,8577500,51.321318
2015-11-13,51.7374629586,51.9890874273,51.1955096368,11394500,51.321318
2015-11-16,50.5083838101,52.0761876874,50.4503190071,6907800,51.969732
2015-11-17,51.979408,52.5503975977,51.5729427643,7126600,51.979408
2015-11-18,52.1245767458,52.5697541081,51.9697321092,10811400,52.482654
2015-11-19,52.6858866366,52.7729867447,52.1826405999,6839200,52.531042
2015-11-20,52.8504111842,53.0923559298,52.2600650373,8933300,52.356841
2015-11-23,52.3374894,52.4536219103,52.0471528014,8688100,52.269741
2015-11-24,51.8342422849,51.9503747928,51.3890610581,10507200,51.756819
2015-11-25,51.892308166,52.1826408935,51.7374635285,6078900,51.989088
2015-11-27,51.6406875453,52.4536218917,51.6406875453,2981600,52.221353
2015-11-30,52.2987772567,52.3665217856,51.2922861457,13363200,51.301962
2015-12-01,52.0374758151,52.8794425609,51.7181077835,12996800,52.811699
2015-12-02,52.8987983322,53.2181673269,52.0181194723,10099300,52.085864
2015-12-03,52.3278099028,52.3471654826,50.5567762896,13595100,50.895497
2015-12-04,51.1664741785,51.9503761273,51.1277659223,13687000,51.911664
2015-12-07,52.2794208554,52.4826544426,51.4664865067,8696000,51.950376
2015-12-08,51.8439199302,52.6471784187,51.5051982551,7573200,51.747143
2015-12-09,51.5632623567,51.8826313512,50.8277513101,10357200,51.118085
2015-12-10,51.311641057,52.2407088694,51.1180852628,11436400,51.960052
2015-12-11,51.7355409881,52.0088598511,50.778921551,10397900,50.905822
2015-12-14,50.9058218621,51.1108107648,50.4177507221,11999200,50.954628
2015-12-15,51.2279462946,51.9210063297,50.9839107273,11585900,51.637928
2015-12-16,52.1455196682,52.8190607831,51.7355418549,10014300,52.731207
2015-12-17,52.8190602969,52.9557192414,51.403653,13517100,51.403653
2015-12-18,50.9058224975,51.0717647349,50.3787046835,21101800,50.407987
2015-12-21,50.9058217664,50.9058217664,49.9784856258,11636100,50.632499
2015-12-22,50.7691591928,50.9839124516,50.0565762882,13196900,50.857012
2015-12-23,51.1303336081,51.9502931234,51.1108107625,7127400,51.716018
2015-12-24,51.5305523911,51.8624407692,51.3548467792,2980100,51.589118
2015-12-28,51.5305528613,51.7745884356,51.3158005797,4836300,51.579359
2015-12-29,51.7062583271,52.3309893957,51.6476888133,6608500,52.06743
2015-12-30,52.0674298062,52.3017059083,51.8136347628,5560300,51.979577
2015-12-31,51.5403111783,52.0186228457,51.4036522359,8264400,51.559835
2016-01-04,50.7691581748,51.3548464729,50.3787041901,17174600,51.227947
2016-01-05,51.530551804,52.1943285526,51.4134118022,11075500,51.881964
2016-01-06,51.2572298063,51.6867353432,50.9643880948,12465900,51.169377
2016-01-07,50.290850372,51.0717641977,50.2127580133,12720000,50.720352
2016-01-08,51.2572295666,51.2669929418,49.6465977206,14156200,49.86135
2016-01-11,50.027292,50.3103742382,49.4025619151,14367400,50.027292
2016-01-12,50.2810874274,50.8277290623,49.7637339658,11321000,50.525123
2016-01-13,50.6715458523,50.8179681708,49.3732785697,16546600,49.451368
2016-01-14,49.4611282284,50.8667760643,49.383038797,13568500,50.56417
2016-01-15,49.2951859072,50.0760987672,48.9047270369,15367400,49.919916
2016-01-19,50.3689400423,50.6715461034,49.5977905642,10929500,50.115145
2016-01-20,49.0901969558,49.8027798545,48.1238141321,15920400,49.343992
2016-01-21,49.5685040568,50.0956218647,48.894966859,11927200,49.705163
2016-01-22,50.2127587829,50.5056044004,49.7344510096,10812800,50.124905
2016-01-25,50.1249041809,50.2127579623,49.548980235,9280500,49.705163
2016-01-26,49.8320621379,50.3689394128,49.5489799022,9017500,50.222521
2016-01-27,49.4513682393,50.3396577201,48.6411720937,13119100,49.168286
2016-01-28,49.129242749,49.3342316511,47.8114487229,18126900,48.026201
2016-01-29,48.6118851818,49.461128,48.3971368059,16922700,49.461128
2016-02-01,49.187808801,49.7637337257,48.65093152,11431200,49.539221
2016-02-02,49.070673079,49.304945277,48.7095023828,14899300,49.207333
2016-02-03,48.4361798122,48.9144914901,47.4209947515,19568600,48.855921
2016-02-04,48.514272921,48.5533195888,46.88411334,20609200,47.430754
2016-02-05,47.4405130894,48.5337953768,47.1183880877,16883000,48.201907
2016-02-08,47.7626422768,48.1531011453,46.825546654,13345100,47.66503
2016-02-09,47.5283671473,48.3873733391,47.2452888115,10649100,47.987155
2016-02-10,48.3288021783,49.2073321798,48.3092832373,11036100,48.348326
2016-02-11,47.6455062368,48.2116668137,47.3526606208,11088400,47.684549
2016-02-12,47.8114488622,47.9383483347,47.1281482902,13598300,47.860255
2016-02-16,48.2214308599,48.7973548084,48.0652480942,11416200,48.592362
2016-02-17,48.8071145774,49.4416090191,48.7680679096,9323300,49.392798
2016-02-18,49.3927978887,49.7734972861,49.0511500397,9612900,49.11948
2016-02-19,49.0511494723,49.1975727663,48.6802144305,8964200,48.92425
2016-02-22,49.0804333024,49.5685044467,48.9340139113,7770300,49.558744
2016-02-23,49.3537548457,49.7246869612,49.2268553726,7899500,49.334232
2016-02-24,48.9632971091,49.4123215849,48.4459426732,7572700,49.353755
2016-02-25,49.3537553667,49.783257,49.1878092244,8693700,49.783257
2016-02-26,49.8320633422,49.9101566784,49.4220855293,9251300,49.431845
2016-02-29,49.3147080835,49.6173141432,48.9535373915,12888700,49.012103
2016-03-01,49.1878085228,50.7008290571,48.8949668149,12105700,50.515363
2016-03-02,50.3982279044,51.1889012148,50.2908512753,11974100,51.022958
2016-03-03,50.9351053365,51.0717652588,49.9296807173,9808800,50.857012
2016-03-04,50.6129753706,51.0424809031,50.2713275241,9085800,50.837492
2016-03-07,50.6032161467,51.6672112393,50.5153633409,7466300,51.384129
2016-03-08,51.110811194,51.6672113223,51.0424812339,8269000,51.198664
2016-03-09,51.3255632788,51.6281644586,50.8570110776,9150600,51.110811
2016-03-10,51.4329362465,51.969817434,51.1791402274,12267500,51.774588
2016-03-11,52.2078472296,52.6411063879,51.9715225305,15532400,52.385091
2016-03-14,52.3358577499,52.5032517444,52.0306043169,6532900,52.26693
2016-03-15,51.676118898,51.8336670563,51.1542383465,9060700,51.617036
2016-03-16,51.5087233586,51.5087233586,50.7702117588,9981300,51.144389
2016-03-17,51.1345438431,51.1739321136,50.5437365248,9578400,50.74067
2016-03-18,50.9474560762,51.617035995,50.7997517853,14424300,51.449642
2016-03-21,51.5284183483,52.0207594182,51.3019375174,7647100,51.991216
2016-03-22,51.7745889902,52.641106321,51.7450455719,9302300,52.217693
2016-03-23,52.7789607745,52.7789607745,52.0404491689,9947500,52.26693
2016-03-24,51.9813709864,52.5327900289,51.7844335743,7566200,52.257081
2016-03-28,52.3063138642,52.473711796,51.8435162162,6046800,52.020759
2016-03-29,52.0995323203,52.5918733931,51.7647403908,7376700,52.503252
2016-03-30,52.6608013743,52.7297281401,52.2964699635,6403900,52.404785
2016-03-31,52.2669299331,52.6608008195,51.9518277097,8335000,52.099532
2016-04-01,51.6958124451,52.9660533928,51.636730532,8683100,52.877432
2016-04-04,53.0842137855,53.7931859059,52.9266646442,10249600,53.56671
2016-04-05,53.2614567103,53.8818074404,53.1629904661,9000800,53.409161
2016-04-06,53.5174728937,54.935418144,53.4288515002,12480400,54.777869
2016-04-07,54.4923103971,54.9255695601,54.2067515877,10536800,54.571083
2016-04-08,54.8960290481,55.0535781898,54.2559836908,6987400,54.512004
2016-04-11,54.5218492858,54.8861846329,54.1378242347,7065600,54.206751
2016-04-12,54.1279785904,54.8960296802,54.0984361566,5937000,54.49231
2016-04-13,54.6104709262,55.1323554185,54.4233823028,8444500,55.102812
2016-04-14,55.1618936935,55.7330073675,55.0831181373,8356700,55.585308
2016-04-15,55.6640810391,55.6837746821,55.02403961,8434400,55.280055
2016-04-18,55.2800545913,55.9594882249,55.0634235349,7780600,55.644386
2016-04-19,55.8610173382,56.5010617085,55.3588304356,7644200,55.989027
2016-04-20,56.2745858153,56.5207563483,55.5754585475,8520900,55.713317
2016-04-21,55.4769926091,56.1564223113,55.4474531291,10535300,55.733008
2016-04-22,55.8216289395,56.1564208635,55.6443851715,7093500,55.870866
2016-04-25,55.6148473722,55.7723955302,55.1421999441,8280200,55.358831
2016-04-26,55.5459194064,55.5557642584,55.0141900672,7226600,55.181588
2016-04-27,55.2012824618,55.752702498,55.2012824618,6941400,55.447453
2016-04-28,55.0338833657,55.3686762753,54.6990914409,9094700,54.886184
2016-04-29,54.7877137338,54.7877137338,53.7242589832,13228000,53.999969
2016-05-02,54.0098140471,54.5120048985,53.8621146784,9678900,54.452922
2016-05-03,54.2953719741,54.6006254055,54.0098131701,7571700,54.236294
2016-05-04,53.871959815,54.1969068961,53.6356380667,7706000,53.97043
2016-05-05,53.4485456221,53.566710433,52.5229453943,11225200,53.261457
2016-05-06,52.9955930413,53.1432963477,52.2472355958,10510100,52.778961
2016-05-09,52.7494224333,53.4977828318,52.6903395353,7975400,53.271302
2016-05-10,53.635637733,53.8916541075,53.5568611916,6486200,53.84242
2016-05-11,53.8621150417,53.950736436,53.428851938,6572900,53.478089
2016-05-12,53.7537985954,53.7833380752,53.1039083761,8244300,53.290997
2016-05-13,53.271302118,53.6750217978,53.0054418774,7125200,53.054675
2016-05-16,52.9463587462,53.9310408876,52.7691159607,6649100,53.812881
2016-05-17,53.5765553929,53.7341045357,53.1531420714,11794000,53.487934
2016-05-18,53.5568609836,54.1082849552,53.3402299266,7391200,53.832571
2016-05-19,53.3303845331,54.1378238854,53.2516119316,8733900,53.743953
2016-05-20,53.9901229891,54.6892463146,53.7931855791,8633100,54.265833
2016-05-23,54.1575175403,54.3839944319,53.9408864855,5570300,54.078741
2016-05-24,54.383995571,55.0338848104,54.3347614631,6311200,54.748326
2016-05-25,54.9551115537,55.8019352452,54.9157232832,9592200,55.703469
2016-05-26,55.6050015407,55.8511720762,55.4769918776,5720500,55.526225
2016-05-27,55.6345406427,55.9693325687,55.3686764662,7369500,55.614847
2016-05-31,55.6246968341,55.8511727448,55.2209771511,9468500,55.398216
2016-06-01,55.3391373369,55.6542346375,55.0929668015,6691000,55.467147
2016-06-02,55.5754588034,55.9890272701,55.4966862019,7295500,55.949639
2016-06-03,55.9693334147,56.087494288,55.4179104259,5428100,55.772396
2016-06-06,55.7920900777,56.4912134128,55.7822452257,6904000,56.294276
2016-06-07,56.3238194128,56.5601411571,56.0481054594,6252400,56.126882
2016-06-08,56.0973425775,56.9835545353,56.0973425775,7790100,56.737384
2016-06-09,56.6290681382,56.9343215722,56.057954464,9227700,56.304125
2016-06-10,55.9496398368,56.2056591655,55.703469299,9531700,55.939794
2016-06-13,55.771029432,56.2673896085,55.6816846002,6204800,55.70154
2016-06-14,55.3640152208,55.9000852151,55.2151061721,8594200,55.840521
2016-06-15,55.9993555152,56.1085547549,55.5427051423,7648800,55.681685
2016-06-16,56.5751355992,57.2501814766,55.7213950924,22052200,57.081421
2016-06-17,57.0119313767,57.0119313767,55.2945261134,17484400,55.483141
2016-06-20,55.9298660682,56.1879713809,55.7114665925,8698700,55.731321
2016-06-21,56.128410901,56.2574615714,55.8305957817,6403000,55.840521
2016-06-22,55.7313206799,56.8530956928,55.6916108724,12477500,56.624771
2016-06-23,57.0615669258,57.260111,56.6942613812,6968400,57.260111
2016-06-24,55.6320502584,56.6545512419,55.3640147671,17258600,55.473215
2016-06-27,55.0860556604,55.2746705465,54.6988907428,13093300,54.907365
2016-06-28,55.0364161704,55.2647408622,54.7088204346,12760100,55.1754
2016-06-29,55.7313204651,56.7240408331,55.572486199,9813800,56.634696
2016-06-30,56.7339706266,57.2601104326,56.4957157545,9277700,57.190621
2016-07-01,57.1211308391,57.5777812147,57.0020014171,7868300,57.518217
2016-07-05,57.3593815276,57.7465414761,57.3593815276,7394100,57.577781
2016-07-06,57.845815872,58.8385362405,57.6472717983,14327700,58.729337
2016-07-07,58.46130124,58.5903558801,57.8656710071,9351900,58.352102
2016-07-08,58.5506474484,59.1363524669,58.371956789,9479400,58.917952
2016-07-11,58.8286073846,59.3150423534,58.7690471403,7336700,58.908027
2016-07-12,58.8385362637,59.3547518482,58.6499213791,8401300,59.166132
2016-07-13,59.3448226849,59.5135871332,59.0470075669,6793200,59.116497
2016-07-14,59.4341664993,59.4937307132,59.0470065547,7345500,59.215771
2016-07-15,59.3646764756,59.493731115,58.8186812709,8162700,59.195916
2016-07-18,58.5705015927,59.0569365575,58.2925408829,8769200,58.590356
2016-07-19,58.6499205344,59.0668610979,58.1337049573,8881300,58.232976
2016-07-20,58.570501283,58.6896267336,58.332246411,6476000,58.362031
2016-07-21,58.570501283,58.6797015154,58.133705317,6047100,58.362031
2016-07-22,58.5605764479,58.6499212809,58.1237765081,6269500,58.391812
2016-07-25,58.2031964261,58.4513765192,57.5579271913,8037200,58.133706
2016-07-26,58.2726859212,58.3818851604,57.7167605361,7150800,57.935161
2016-07-27,57.9649417139,58.2925414232,57.5082913341,7888800,58.173412
2016-07-28,58.093995833,58.1634862586,57.6869814755,7289700,58.004651
2016-07-29,58.5804261387,58.7690459842,57.8458150617,8491200,58.232976
2016-08-01,58.4017404457,58.5705009206,58.0741407433,8871200,58.232976
2016-08-02,58.2528311431,58.3024671614,57.8259613852,6826300,57.905381
2016-08-03,57.7465416187,57.8755962588,56.7637504432,9637300,57.230331
2016-08-04,57.3196759488,57.8061069429,57.3196759488,5541400,57.418946
2016-08-05,57.4189454573,63.5341028573,57.4189454573,72876000,63.395123
2016-08-08,62.2038579347,62.5612372653,61.4990274698,25045900,62.402403
2016-08-09,62.4024025388,62.6803622529,61.9755317932,12234400,62.035097
2016-08-10,61.6380077891,62.6406533776,61.6181533817,8835400,62.184003
2016-08-11,62.1542232248,63.2660690441,62.0251685842,10365000,63.166798
2016-08-12,62.6803637132,62.988109016,62.4718934264,6244300,62.888834
2016-08-15,62.8888326253,63.2859227535,62.749852768,6650100,62.859053
2016-08-16,62.5413831926,62.8590537104,62.3825479337,5680100,62.581093
2016-08-17,62.5711637192,62.9682528586,62.1442929688,8271500,62.829273
2016-08-18,62.6208027904,63.1767232182,62.6208027904,6926600,63.166798
2016-08-19,62.7200723425,62.9781786434,62.4123280382,8480000,62.898763
2016-08-22,62.7895628842,63.1767228326,62.6208024081,6447200,63.087378
2016-08-23,63.2462136697,63.4149781178,62.9086887445,5798400,63.117163
2016-08-24,63.1370127252,63.3157033822,62.054947536,7482900,62.273348
2016-08-25,62.4024029885,62.6406528974,61.8166969819,7947700,61.866333
2016-08-26,62.0251684501,62.5314578221,61.7273523404,7793800,62.392473
2016-08-29,62.461964166,62.8292736839,62.1840034531,5575800,62.551309
2016-08-30,62.5016730909,62.5711635163,62.0549479346,6178000,62.253493
2016-08-31,62.6208028999,62.6605087365,61.9656034851,8860500,62.332913
2016-09-01,62.2435679341,62.5215286438,61.9358226352,6544700,62.442113
2016-09-02,62.1343670613,62.8094169031,62.1343670613,7613200,62.521528
2016-09-06,62.5314579082,63.0079626917,62.313057442,7930300,62.779638
2016-09-07,62.8491269436,63.027817601,62.1442925103,8668100,62.412328
2016-09-08,61.9953879173,62.8292730256,61.876262466,9186300,62.779638
2016-09-09,62.2336380929,62.2534925,61.8663325541,12587500,62.035097
2016-09-12,61.548662756,63.0278180883,61.4593179229,10629500,62.729999
2016-09-13,62.369999,62.779999,61.369999,10223400,61.810001
2016-09-14,61.919998,62.34,61.299999,10421800,61.349998
2016-09-15,61.240002,62.610001,61.119999,8997800,62.380001
2016-09-16,62.450001,62.619999,62.060001,12432300,62.279999
2016-09-19,62.540001,62.540001,61.32,11287700,61.330002
2016-09-20,61.900002,62.41,61.689999,9211600,61.939999
2016-09-21,62.259998,62.82,61.860001,7219000,62.700001
2016-09-22,62.919998,63.470001,62.830002,8447800,63.02
2016-09-23,62.869999,63.25,62.700001,7679800,62.959999
2016-09-26,62.529999,62.580002,61.880001,6983800,62.150002
2016-09-27,62.310001,62.700001,61.830002,7340800,62.57
2016-09-28,63.0,63.48,62.5,11795000,63.299999
2016-09-29,63.02,63.02,61.560001,10930000,61.91
2016-09-30,61.889999,62.73,61.860001,13605300,62.41
2016-10-03,62.220001,62.57,61.669998,7520100,62.52
2016-10-04,62.48,62.950001,61.939999,7897400,62.459999
2016-10-05,62.700001,63.040001,62.48,7871300,62.799999
2016-10-06,62.490002,62.689999,61.740002,11430500,62.66
2016-10-07,62.77,62.990002,62.029999,10775200,62.77
2016-10-10,64.209999,64.860001,63.439999,20345900,63.900002
2016-10-11,63.529999,63.549999,61.75,13955400,61.93
2016-10-12,62.400002,62.630001,61.580002,10121900,61.66
2016-10-13,62.25,62.950001,61.939999,14541500,62.509998
2016-10-14,62.720001,62.860001,62.130001,12204200,62.139999
2016-10-17,62.049999,62.049999,60.799999,13054600,61.52
2016-10-18,61.900002,62.619999,61.830002,9988000,62.09
2016-10-19,62.130001,62.299999,61.810001,5582700,61.869999
2016-10-20,61.950001,62.27,61.689999,6323400,61.919998
2016-10-21,61.549999,61.900002,61.029999,7406700,61.200001
2016-10-24,61.400002,61.48,60.639999,9943000,60.75
2016-10-25,60.27,62.189999,59.549999,15188500,61.950001
2016-10-26,61.740002,61.849998,60.549999,9957800,60.869999
2016-10-27,61.150002,62.060001,61.0,10350700,61.290001
2016-10-28,61.02,61.07,58.450001,20358400,58.84
2016-10-31,59.09,59.150002,58.369999,14254800,58.720001
2016-11-01,59.0,59.59,58.509998,14347400,59.299999
2016-11-02,59.060001,59.509998,58.75,10724700,58.84
2016-11-03,59.18,59.220001,58.290001,11242800,58.43
2016-11-04,58.689999,59.27,58.610001,11231100,58.82
2016-11-07,59.52,60.209999,59.48,10360300,60.049999
2016-11-08,59.82,60.779999,59.52,7903700,60.509998
2016-11-09,63.959999,65.0,62.759998,27547200,64.18
2016-11-10,64.540001,65.459999,64.519997,17862300,64.959999
2016-11-11,64.080002,64.510002,63.580002,13941800,63.950001
2016-11-14,64.0,64.089996,63.240002,10056700,63.529999
2016-11-15,63.68,63.73,63.080002,7283600,63.650002
2016-11-16,63.700001,63.950001,62.450001,10634500,62.630001
2016-11-17,62.509998,62.790001,62.119999,8314900,62.700001
2016-11-18,62.57,62.619999,61.73,7649100,61.869999
2016-11-21,61.939999,62.389999,61.720001,6685100,62.299999
2016-11-22,62.5,62.650002,61.209999,9572400,61.700001
2016-11-23,60.330002,61.700001,59.82,9149000,61.639999
2016-11-25,61.82,62.400002,61.75,3501300,62.209999
2016-11-28,61.779999,62.060001,61.619999,7331200,61.799999
2016-11-29,61.950001,62.459999,61.919998,9246500,62.189999
2016-11-30,62.310001,62.32,60.990002,12371600,61.189999
2016-12-01,61.299999,61.369999,60.650002,8377600,60.759998
2016-12-02,61.049999,61.52,60.630001,7987000,61.130001
2016-12-05,61.52,61.529999,59.84,12941000,60.25
2016-12-06,60.18,60.389999,59.610001,10559200,60.279999
